query I colnames
SELECT LENGTH('roach7')
----
LENGTH('roach7')
6

statement error LENGTH: argument type mismatch: string expected, but found int
SELECT LENGTH(23)

statement error LENGTH: incorrect number of arguments: 1 vs 2
SELECT LENGTH('ab', 'df')

query T colnames
SELECT UPPER('roacH7')
----
UPPER('roacH7')
ROACH7

statement error UPPER: argument type mismatch: string expected, but found float
SELECT UPPER(2.2)

query T colnames
SELECT LOWER('RoacH7')
----
LOWER('RoacH7')
roach7

statement error LOWER: argument type mismatch: string expected, but found int
SELECT LOWER(32)

query T
SELECT CONCAT('RoacH', null, 73, 64.532)
----
RoacH7364.532

query T
SELECT CONCAT('RoacH', false, 64.532, TRUE)
----
RoacHf64.532t

query T
SELECT SUBSTR('RoacH', 2, 3)
----
acH

# TODO(XisiHuang): the parser doesn't support the fllowing syntax
#query T
#SELECT SUBSTRING('RoacH', 2, 3)
#----
#acH

query T
SELECT SUBSTR('RoacH', 2)
----
acH

statement error SUBSTR: invalid argument: 4 is out of bounds
SELECT SUBSTR('RoacH', 2, 4)
